<?xml version="1.0" encoding="utf-8"?> 
<extension version="1.6.0" type="plugin" group="fieldsattachment" method="upgrade">
	<name>Fieldsattach - fieldsattachements select</name>
	<author>Cristian Grañó Reder</author>
	<creationDate>04-12-2011</creationDate>
	<copyright>Copyright (C) 2005 - 2011 Open Source Cristian Grañó. All rights reserved.</copyright>
	<license>http://www.gnu.org/licenses/gpl-2.0.html GNU/GPL</license>
	<authorEmail>cristiangrano@hotmail.com	</authorEmail>
	<authorUrl>www.percha.com</authorUrl>
	<version>1.3</version>
	<description>Select Field</description>
	<files>
                <filename plugin="select">select.php</filename> 
                <filename>select.css</filename>
                <filename>form.xml</filename> 
                <filename>js/select.js.php</filename> 
                <filename>js/controler.js</filename>
                <folder>tmpl</folder>
                <folder>img</folder> 
	</files>
        <languages>
		<language tag="en-GB">en-GB.plg_fieldsattachment_select.ini</language>
		<language tag="en-GB">en-GB.plg_fieldsattachment_select.sys.ini</language>
	</languages> 
</extension>
