<?xml version="1.0" encoding="utf-8"?>
<install version="1.5" type="plugin"  method="upgrade" group="system">
	<name>System - fieldsattachements</name>
	<author>Cristian Grañó Reder</author>
	<creationDate>20-01-2011</creationDate>
	<copyright>Copyright (C) 2005 - 2011 Open Source Cristian Grañó. All rights reserved.</copyright>
	<license>http://www.gnu.org/licenses/gpl-2.0.html GNU/GPL</license>
	<authorEmail>cristiangrano@hotmail.com	</authorEmail>
	<authorUrl>www.percha.com</authorUrl>
	<version>4.4.1</version>
	<description>Provides insert fields in article</description>
	<files>
		<filename plugin="fieldsattachment">fieldsattachment.php</filename>
		<folder>js</folder>
        <folder>lib</folder>  	
    </files>
	<config>
	<fields name="params">
	<fieldset name="basic">
	<field name="oneclicksave" type="radio" default="1" label="One-click article save (experimental):" description="If 'Yes', attached fields will be shown during first edit. If 'No', the attached fields will be shown only after article save.">
 		<option value="0">No</option>
 		<option value="1">Yes (Experimental)</option>
	</field>
	</fieldset>
	</fields>
	</config> 
</install>
